{"train/loss": 10.670694351196289, "train/step": 19, "_timestamp": 1749900584.8629124, "_runtime": 49.12953448295593, "_step": 19}