{"train/loss": 10.533855438232422, "train/step": 70, "_timestamp": 1749900126.6177578, "_runtime": 100.17056488990784, "_step": 70}