{
    "rouge1": 0.4249003534235073,
    "rouge2": 0.09939318108957049,
    "rougeL": 0.23057910839198287,
    "rougeLsum": 0.23058628015120447
}