{
    "rouge1": 0.4074153821397755,
    "rouge2": 0.07938765694850522,
    "rougeL": 0.22396039628041958,
    "rougeLsum": 0.223923824140135
}