{
    "rouge1": 0.4270810323718114,
    "rouge2": 0.0706396057276771,
    "rougeL": 0.22883014943746324,
    "rougeLsum": 0.2288854072276824
}