{
    "rouge1": 0.3658543702357747,
    "rouge2": 0.09773371933574419,
    "rougeL": 0.2074560560670362,
    "rougeLsum": 0.20744607051160346
}