{
    "rouge1": 0.2618212730500269,
    "rouge2": 0.06133953461031966,
    "rougeL": 0.1618761412148291,
    "rougeLsum": 0.16188141274651285
}