{
    "rouge1": 0.28903980116301986,
    "rouge2": 0.05792022271321828,
    "rougeL": 0.16183293252381523,
    "rougeLsum": 0.1618743143941372
}