{
    "rouge1": 0.2891157374179908,
    "rouge2": 0.0584952583269142,
    "rougeL": 0.1625054752360917,
    "rougeLsum": 0.16250598835047075
}