{
    "rouge1": 0.30566126132636096,
    "rouge2": 0.10295085532856406,
    "rougeL": 0.18840341219990245,
    "rougeLsum": 0.1883635013633837
}