{"train/loss": 10.577244758605957, "train/step": 38, "_timestamp": 1749899937.5035703, "_runtime": 158.26272439956665, "_step": 38}