{
    "bleu": 0.0,
    "rouge1": 8.21726044655981e-05,
    "rouge2": 1.4760147601476014e-05,
    "rougeL": 8.21726044655981e-05,
    "bert_score_precision": 0.0016707857139408588,
    "bert_score_recall": 0.0022684503346681595,
    "bert_score_f1": 0.0019234447972849011
}