{
    "bleu": 0.0003257084517667878,
    "rouge1": 0.04895371786701363,
    "rouge2": 0.02329169936743023,
    "rougeL": 0.04286646500496514,
    "bert_score_precision": 0.39454329013824463,
    "bert_score_recall": 0.5929305553436279,
    "bert_score_f1": 0.47222593426704407
}